formatted_experience_level,formatted_work_type,primary_industry,pay_period,company_size,state_final,title_cluster,title_family,city_loc,company_id,city_industry,state_industry,exp_industry,exp_title_cluster,remote_industry,pay_work_type,views,applies,employee_count,follower_count,company_job_count,description_len,description_word_count,n_skills,benefit_count,company_industry_count,company_speciality_count,follower_per_employee,title_len,title_word_count,is_hourly,remote_flag,has_applies,has_views,has_employee_count,has_follower_count,title_senior,title_principal,title_director,title_vp,title_chief,title_manager,title_junior,title_associate,title_engineer,title_architect,title_data,title_sales,title_consultant,title_nurse,title_product,title_finance,title_security,title_marketing,title_hr,skill_accounting_auditing,skill_administrative,skill_advertising,skill_analyst,skill_art_creative,skill_business_development,skill_consulting,skill_customer_service,skill_design,skill_distribution,skill_education,skill_engineering,skill_finance,skill_general_business,skill_health_care_provider,skill_human_resources,skill_information_technology,skill_legal,skill_management,skill_manufacturing,skill_marketing,skill_other,skill_product_management,skill_production,skill_project_management,skill_public_relations,skill_purchasing,skill_quality_assurance,skill_research,skill_sales,skill_science,skill_strategy_planning,skill_supply_chain,skill_training,skill_writing_editing,benefit_401_k,benefit_commuter_benefits,benefit_dental_insurance,benefit_disability_insurance,benefit_medical_insurance,benefit_paid_maternity_leave,benefit_paid_paternity_leave,benefit_pension_plan,benefit_tuition_assistance,benefit_vision_insurance,company_spec_accounting,company_spec_artificial_intelligence,company_spec_construction,company_spec_consulting,company_spec_education,company_spec_engineering,company_spec_executive_search,company_spec_finance,company_spec_healthcare,company_spec_human_resources,company_spec_information_technology,company_spec_manufacturing,company_spec_marketing,company_spec_project_management,company_spec_recruiting,company_spec_recruitment,company_spec_retail,company_spec_sales,company_spec_staffing,company_spec_technology,title_text,description_clean,actual_salary,pred_salary,pred_log,residual,abs_error,ape,salary_band,remote_label
Mid-Senior level,Contract,Unknown,MONTHLY,Unknown,Unknown,28,other,Lafayette,-1,Lafayette__Unknown,Unknown__Unknown,Mid-Senior level__Unknown,Mid-Senior level__28,0__Unknown,MONTHLY__Contract,2.0,,,,0,243,37,0.0,0.0,0,0.0,0.0,9,1,0,0,0,1,0,0,0,0,0,0,0,0,0,1,0,0,0,0,0,0,0,0,0,0,0,0,0,0,0,0,0,0,0,0,0,0,0,0,0,0,0,0,0,0,0,0,0,0,0,0,0,0,0,0,0,0,0,0,0,0,0,0,0,0,0,0,0,0,0,0,0,0,0,0,0,0,0,0,0,0,0,0,0,0,0,0,0,0,0,0,Associate,"Natural spoken languages. Minimum requirements: Master's level linguists or Genius test completed in person. Time is your convenience. Start-up mentality and ability to work solar calendar days. If you don't waste my time, I won't waste yours.",299999.99999999977,54483.02347001334,10.90566279033605,-245516.97652998642,245516.97652998642,81.8389921766622,$200k+,Non-remote / unknown
Mid-Senior level,Full-time,Transportation/Trucking/Railroad,YEARLY,1.0,PA,28,sales,United States,40739036,United States__Transportation/Trucking/Railroad,PA__Transportation/Trucking/Railroad,Mid-Senior level__Transportation/Trucking/Railroad,Mid-Senior level__28,1__Transportation/Trucking/Railroad,YEARLY__Full-time,4.0,,6.0,533.0,1,2810,391,2.0,0.0,0,0.0,76.14285714285714,15,2,0,1,0,1,1,1,0,0,0,0,0,0,0,0,0,0,0,1,0,0,0,0,0,0,0,0,0,0,0,0,1,0,0,0,0,0,0,0,0,0,0,0,0,0,0,0,0,0,0,0,0,0,0,0,1,0,0,0,0,0,0,0,0,0,0,0,0,0,0,0,0,0,0,0,0,0,0,0,0,0,0,0,0,0,0,0,0,0,0,0,Sales Executive,"Shipper Sales Executive Job Title: Shipper Sales Executive Location: 100% Remote About Riteload:Riteload is a pioneering Philadelphia-based technology company with a bold vision to revolutionize the freight trucking industry. Our innovative digital freight marketplace directly connects shippers and carriers, bypassing traditional brokerage fees to foster transparency and efficiency. We pride ourselves on creating a platform that enhances profitability for drivers and offers cost-saving, direct control for shippers over their logistics needs. Our team, a blend of experienced transport professionals and technology innovators, is committed to transforming the trucking landscape into one that values fairness and open access for all. Position Overview:As a Shipper Sales Executive at Riteload, you will play a crucial role in expanding our market presence and enhancing our direct shipper-to-carrier connections. Your mission will be to identify and engage potential new shipper clients, understanding their needs and demonstrating how Riteload can offer them a superior, cost-effective, and efficient solution for their freight requirements. This is a highly lucrative 100% commission based opportunity that pays a recurring commission for every load completed from the shippers you bring into the Riteload platform. First Class company support available everyday. Potential to earn first year and even more for a highly qualified an motivated individual. Key Responsibilities:- Execute persuasive cold calling and outreach strategies to build a robust pipeline of potential shipper clients.- Develop and maintain strong relationships with shippers through outstanding service and regular communication.- Understand and solve the unique challenges faced by each shipper, offering customized solutions that leverage Riteload's platform.- Work in a dynamic, fast-paced environment, adapting strategies and approaches as the market evolves.- Utilize CRM tools to track client interactions, feedback, and progress towards sales targets. Qualifications:- At least 2 years of inside sales experience in logistics, shipping, freight, or trucking industries.- A proven track record of meeting or exceeding sales quotas.- Strong problem-solving skills with an exceptional attention to detail.- Excellent communication skills, with a knack for persuasive cold calling and relationship building.- Ability to thrive in a fast-paced and ever-changing environment.- Passion for delivering superior customer service. Why Join Riteload?At Riteload, you'll be part of an ambitious company that's not just another player in the logistics industry but a disruptive force for good. We offer the opportunity to be at the forefront of an industry revolution, with a culture that values innovation, fairness, and direct impact.",299999.99999999977,70213.94224764542,11.159316419894578,-229786.05775235436,229786.05775235436,76.59535258411819,$200k+,Remote
Associate,Full-time,Business Consulting and Services,YEARLY,2.0,AZ,12,sales,Scottsdale,40871771,Scottsdale__Business Consulting and Services,AZ__Business Consulting and Services,Associate__Business Consulting and Services,Associate__12,0__Business Consulting and Services,YEARLY__Full-time,2.0,,282.0,24517.0,9,4186,599,1.0,5.0,0,7.0,86.63250883392226,20,2,0,0,0,1,1,1,0,0,0,0,0,0,0,0,0,0,0,1,0,0,0,0,0,0,0,0,0,0,0,0,0,0,0,0,0,0,0,0,0,0,0,0,0,0,0,0,0,0,0,0,0,0,0,0,1,0,0,0,0,0,0,0,1,0,1,1,1,0,0,1,0,0,0,0,0,0,0,0,0,0,0,0,0,0,0,0,0,0,0,0,Sales Representative,"Job description POSITION SUMMARYThe Sales Representative will be responsible for following up on leads who engage in Cardone Ventures products and convert them into customers. Duties will include reaching out to current and potential clients to increase participation with events, calling cold leads, qualifying, and setting appointments with senior sales staff. In order to be successful in this role, you will need to have an understanding of the sales process and dynamics and demonstrate superb interpersonal skills. ABOUT CARDONE VENTURESOur mission is to help business owners achieve their personal, professional, and financial goals through the growth of their businesses. We work in dozens of verticals and provide strategic business guidance through courses, live events, partnerships, and investments. Our core values are the backbone of our business and guide our hiring process: we are inspirational, accountable, transparent, disciplined, aligned, and results oriented. This company operates nationally and is growing by the day. OBJECTIVESMake 250 - 300 outbound calls daily to generate new leadsSchedule up to 60 meetings a month with clients and closersAssist towards the sale of 5 10X360s and personally close 10 Essentials workshop tickets to generate in monthly revenueFocus on ticket sales for Grant Cardone and Cardone Ventures events such as Real Estate Summit, Business Bootcamp..etc.Manage pipeline of prospects using company CRM and perform daily review of leads and lead sourcesAccurately provide information regarding the Business Model of Cardone Ventures, our partnership with Grant Cardone and our Executive LeadershipAsk qualifying questions to determine the client's industry, revenue, profitability…etc.Document conversations in HubSpot in a clear, concise manner so fellow Sales Associates can referenceUtilize role-play opportunities to gain confidence in the sales processCommunicate Cardone Ventures’ value proposition to all business owners COMPETENCIESStrong ability to talk through common occurrences in Breakpoint 1-3 to business ownersUnderstand and follow the sales scripts for Real Estate Summits, Bootcamps, and Essentials WorkshopsAbility to meet or exceed sales quota of 250+ outbound calls/dayAbility to leverage HubSpot CRM and be accurate in taking notes on clientsCan memorize the Essentials Workshops (People, Finance, Leadership) sales script without deviating in order to master the conversationsAbility to explain the Cardone Ecosystem (CTTI, GC Licensee, Cardone Capital, Cardone Ventures...etc) to a client in a clear mannerAbility to meet sales targets for specific offers or deals that take priority during the sales cycle (i.e. Black Friday Deals, Summits)Comfortable with consistent follow up and ability to get creative when reaching out to clients (i.e. video messages, gifts…etc)Knowledgeable of the Product and Pricing guide and stay up to date with any changesThorough understanding of Master Sales Skills and Master Cardone Ventures Products & Services EDUCATION AND EXPERIENCEGED or high school diploma preferredAt least 1-2 years’ work experience in a sales specific role with a training, organizational development or content development focus PHYSICAL REQUIREMENTSProlonged periods sitting at a desk and working on a computer COMMITMENT TO DIVERSITYAs an equal opportunity employer committed to meeting the needs of a multigenerational and multicultural workforce Cardone Ventures recognizes that a diverse staff, reflective of our community, is an integral and welcome part of a successful and ethical business. We hire local talent at all levels regardless of race, color, religion, age, national origin, gender, gender identity, sexual orientation or disability, and actively foster inclusion in all forms both within our company and across interactions with clients, candidates and partners. If this position caught your eye, send us your resume! For best consideration, include the job title and source where you found this position in the subject line of your email to careers @cardoneventures.com. Already a Cardone Ventures candidate? Please connect directly with your recruiter to discuss this opportunity.",294999.9999999998,69250.84804905886,11.145505110322512,-225749.15195094096,225749.15195094096,76.5251362545563,$200k+,Non-remote / unknown
Mid-Senior level,Full-time,Hospitals and Health Care,YEARLY,2.0,WI,20,other,Black River Falls,72610772,Black River Falls__Hospitals and Health Care,WI__Hospitals and Health Care,Mid-Senior level__Hospitals and Health Care,Mid-Senior level__20,0__Hospitals and Health Care,YEARLY__Full-time,6.0,,56.0,2368.0,36,1544,209,1.0,0.0,0,0.0,41.54385964912281,35,4,0,0,0,1,1,1,0,0,0,0,0,0,0,0,0,0,0,0,0,0,0,0,0,0,0,0,0,0,0,0,0,0,0,0,0,0,0,0,0,1,0,0,0,0,0,0,0,0,0,0,0,0,0,0,0,0,0,0,0,0,0,0,0,0,0,0,0,0,0,0,0,0,0,0,0,0,0,0,0,0,0,0,0,0,0,0,0,0,0,0,Full-Time Clinic Psychiatrist (PHD),"Job Description Full-Time Clinic Psychiatrist **up to 300k/yr** Plus 10k sign-on and negotiable relocation bonus Connected Health Care, a leading recruitment and staffing firm, is partnering with a premier healthcare facility in Black River Falls, WI, in search of a Full-Time Clinic Psychiatrist to join their esteemed team. Job Description: Provide direct psychiatric patient care and consultation to the collaborative care team through direct patient care and regular consultations. Treat patients directly, advises the prescribing medical provider on appropriate medications and other treatment strategies Provides the care team with educational support on diagnosing and managing behavioral health conditions. Educational Qualifications: Doctorate’s Degree. Must be licensed to practice psychiatry in the state of Wisconsin. American Board of Psychiatry and Neurology Board Certification. Completion of a psychiatry residency program; Prefer experience with primary care psychiatry. Must maintain current BLS certification. Area Highlights: Outdoor Recreation: Explore the breathtaking Black River State Forest for hiking, fishing, and wildlife spotting. Cultural Attractions: Immerse yourself in local history at the Ho-Chunk Gaming Black River Falls or visit the Sand Creek Brewery for a taste of regional flavors. Community Engagement: Engage with a welcoming community through local events, farmers' markets, and vibrant arts and music scenes. For More Information, Contact: Ben - Account Manager 512-334-6625 bwilliams@connectedhc.com",299999.99999999977,89637.2854481064,11.403537800647003,-210362.71455189335,210362.71455189335,70.12090485063118,$200k+,Non-remote / unknown
Director,Part-time,Research Services,YEARLY,4.0,MO,9,healthcare,St Louis,40894,St Louis__Research Services,MO__Research Services,Director__Research Services,Director__9,0__Research Services,YEARLY__Part-time,15.0,1.0,1967.0,296053.0,30,1974,239,3.0,0.0,0,4.0,150.4334349593496,64,10,0,0,1,1,1,1,0,0,0,0,0,0,0,0,0,0,0,0,0,0,0,0,0,0,0,0,0,0,0,0,0,0,0,0,0,0,0,0,0,1,0,0,0,0,0,0,0,0,0,0,0,0,0,1,0,1,0,0,0,0,0,0,0,0,0,0,0,0,0,0,0,0,0,0,0,0,0,0,0,0,0,0,0,0,0,0,0,1,0,0,Clinical Research Physician - Neurologist - Part Time (224392) (,"Job Summary: As a Principal Investigator (Research Physician) at our sites, you will play a crucial role in advancing cutting-edge medical research. You will lead clinical trials and research studies, collaborating with a dedicated team of healthcare professionals to drive innovation in healthcare. This position offers an exciting opportunity to contribute to medical advancements and improve patient outcomes.Key Responsibilities:Clinical Trial Leadership: Serve as the primary investigator for clinical trials, overseeing the design, implementation, and management of research studies in accordance with regulatory guidelines.Patient Recruitment: Play a key role in patient recruitment and enrollment, ensuring the timely and successful completion of research studies.Medical Oversight: Provide medical oversight, including patient evaluations, medical history reviews, and protocol adherence, to ensure the safety and well-being of research participants.Data Management: Collect, analyze, and maintain accurate and detailed research data, ensuring compliance with all regulatory and ethical standards.Collaboration: Collaborate closely with research coordinators, nurses, and other healthcare professionals to execute research protocols effectively.Regulatory Compliance: Ensure adherence to all relevant regulatory requirements, including FDA guidelines, IRB approvals, and Good Clinical Practice (GCP) standards.Safety Monitoring: Monitor and report any adverse events or safety concerns, taking appropriate actions to protect patient safety.Documentation: Maintain comprehensive and organized research documentation, including patient records, study logs, and progress reports.Continuing Education: Stay current with developments in medical research, attending conferences, seminars, and training sessions as necessary to enhance expertise.Communication: Effectively communicate research findings and progress to internal teams, sponsors, and regulatory authorities.",299999.99999999977,94722.18409361668,11.458714065406049,-205277.8159063831,205277.8159063831,68.42593863546108,$200k+,Non-remote / unknown
Mid-Senior level,Full-time,Business Consulting and Services,YEARLY,Unknown,DC,4,consulting_analyst,Washington,89307809,Washington__Business Consulting and Services,DC__Business Consulting and Services,Mid-Senior level__Business Consulting and Services,Mid-Senior level__4,0__Business Consulting and Services,YEARLY__Full-time,26.0,8.0,0.0,137.0,1,1623,218,3.0,0.0,0,2.0,137.0,19,2,0,0,1,1,1,1,0,0,0,0,0,0,0,0,0,0,0,0,1,0,0,0,0,0,0,0,0,0,0,0,0,1,0,0,0,0,0,0,0,0,0,1,0,0,0,0,0,0,0,0,0,0,0,0,1,0,0,0,0,0,0,0,0,0,0,0,0,0,0,0,0,0,0,0,0,0,0,0,0,0,0,0,0,0,0,0,0,0,0,0,Business Consultant,"Company DescriptionTransworld Business Advisors is a global network of highly professional business advsiors/consultants/brokers and the world leader in the marketing and sales of businesses, top 500 franchises, and commercial real estate and has sold over 20,000 businesses in all industries valuing with and without properties nationwide and globally with over 500 offices with significantly above average close rates. Our professional services bring buyers and sellers together, offering turnkey solutions to clients who want to buy or sell a business. Role DescriptionThis is a full-time, on-site 1099 - 100 % Comp-Based Business Consultant Potfolio Career Opportunity at the top performing office with annual earning potential of located in Downtown Washington, DC. As a Business Consultant, you will be responsible for consulting with business clients (buyers and sellers) to provide solutions to their business needs. The position involves working with clients to identify their goals, conducting research and analysis, and defining business requirements to develop effective solutions. QualificationsBachelor's degree in Business Administration, Marketing, or a related fieldSelf motivated mid-to-senior level corporate professionals Experience as a Business Consultant or related positionStrong business acumen, financial and analytical skillsStrong marketing and sales skills are a plus Excellent interpersonal and communication skillsAbility to work effectively in a team environmentDetail-oriented and organizedProficient in Microsoft Office, including Excel and PowerPointExperience with CRM software is a plus",299999.99999999977,102885.69927253798,11.541383654697224,-197114.30072746178,197114.30072746178,65.70476690915397,$200k+,Non-remote / unknown
Mid-Senior level,Full-time,Construction,YEARLY,7.0,NY,4,other,Plainview,14570,Plainview__Construction,NY__Construction,Mid-Senior level__Construction,Mid-Senior level__4,0__Construction,YEARLY__Full-time,4.0,,3539.0,36235.0,4,1524,216,2.0,0.0,0,4.0,10.235875706214689,23,3,0,0,0,1,1,1,0,0,0,0,0,0,0,0,0,0,0,0,0,0,0,0,0,0,0,0,0,0,0,0,0,0,0,0,0,0,0,0,0,0,0,0,0,1,1,0,0,0,0,0,0,0,0,0,0,0,0,0,0,0,0,0,0,0,0,0,0,0,0,0,0,0,0,0,0,0,0,0,0,0,0,0,0,0,0,0,0,0,0,0,HVAC Service Supervisor,"Job Responsibilities: Provide technical assistance and on-site training for team members. Regularly evaluate skills and create development plans for each technician. Perform field tech evaluations once a year for journeymen and twice a year for tradesmen andAssist and training the technicians in their communications with theMonitor call activity and respond to all customers with excessive callPerform minimum 4 “quality checks” per month on contractEnsure completion of PM’s within the scheduled month and allottedEnsure adequate manpower to accomplish work within the team area. As a leading provider of mechanical and electrical construction, facilities services, and energy infrastructure, EMCOR Group is committed to its employees. This commitment is embodied in our competitive benefits package, which includes medical, dental, and vision coverage, as well as flexible spending accounts, life insurance, disability income, an Employee Stock Purchase Plan, 401(k) Savings Plans, and employee assistance and wellness programs. Equal Opportunity Employer/Veterans/Disabled. Notice to prospective employees: There have been fraudulent postings and emails regarding job openings. EMCOR Group and its companies. Please check our available positions to confirm that a post or email is genuine. EMCOR Group and its companies do not reach out to individuals to help with marketing or other similar services. If an individual is contacted for services outside of EMCOR’s normal application process – it is probably fraudulent.",287499.9999999999,90531.23970366604,11.413461306069193,-196968.76029633384,196968.76029633384,68.51087314655094,$200k+,Non-remote / unknown
Mid-Senior level,Full-time,Unknown,YEARLY,Unknown,TX,19,sales,Beaumont,-1,Beaumont__Unknown,TX__Unknown,Mid-Senior level__Unknown,Mid-Senior level__19,0__Unknown,YEARLY__Full-time,2.0,,,,0,1527,219,2.0,0.0,0,0.0,0.0,58,6,0,0,0,1,0,0,0,0,0,0,0,0,0,0,0,0,0,1,0,0,0,0,0,0,0,0,0,0,0,0,0,0,0,0,0,0,0,0,0,0,0,0,0,1,0,0,0,0,0,0,0,0,0,0,1,0,0,0,0,0,0,0,0,0,0,0,0,0,0,0,0,0,0,0,0,0,0,0,0,0,0,0,0,0,0,0,0,0,0,0,"Sales Representative Business Development, Business Broker","Transworld Business Advisors of South and West Texas is the leader in Business Brokerage in Houston, Corpus Christi, Huntsville, Beaumont, and San Antonio and we are looking to add to our team of professional Business Brokers. Work with owners of businesses, Presidents, and CEOs. Match buyers and sellers of companies ranging from million in sales price. Create your own business and financial independence using our marketing and sales support. High success with annual potential in the hundreds of thousands of . Transworld provides training and ongoing support. World's #1 Business Brokerage firm. Desired ExpertiseOur most successful business brokers come from a variety of backgrounds:Retired Senior ExecutivesFormer Small or Medium Business OwnersOutside Sales Professionals accustomed to selling intangible servicesFinance & Accounting ProfessionalsCommercial Real Estate Skills and Experience:We are seeking an ambitious individual with a minimum of 10 years of business experience, a penchant for detail, and the ability to effectively communicate with business owners. Must be a self-motivated go-getter. If that's you, the sky is the limit. You must reside near or around Beaumont, Texas. Benefits:Annual potential in the hundreds of thousands. 1099 Commissioned role. Initial and ongoing training and support. Proven processes and systems. Established Houston office and support team. Leads Provided. Network of more than 200 offices and 650 brokers worldwide. Established and respected name in Business Brokerage.",299999.99999999977,104866.23001827461,11.560450352998867,-195133.76998172514,195133.76998172514,65.04458999390843,$200k+,Non-remote / unknown
Mid-Senior level,Part-time,Veterinary Services,HOURLY,Unknown,CA,28,other,Lake Forest,4018926,Lake Forest__Veterinary Services,CA__Veterinary Services,Mid-Senior level__Veterinary Services,Mid-Senior level__28,0__Veterinary Services,HOURLY__Part-time,2.0,,10.0,14.0,1,937,161,1.0,0.0,0,0.0,1.2727272727272727,12,1,1,0,0,1,1,1,0,0,0,0,0,0,0,0,0,0,0,0,0,0,0,0,0,0,0,0,0,0,0,0,0,0,0,0,0,0,0,0,0,1,0,0,0,0,0,0,0,0,0,0,0,0,0,0,0,0,0,0,0,0,0,0,0,0,0,0,0,0,0,0,0,0,0,0,0,0,0,0,0,0,0,0,0,0,0,0,0,0,0,0,Veterinarian,"Are you ready for an exciting change? Do you want to join a private practice hospital with a wonderful team? Do you want to work in a modern facility in a beautiful area? If you answered yes to any of these questions, then apply now! Foothill Animal Hospital is looking for a part -time veterinarian, 2-3 days a week, to join our dynamic team. We are a well-established hospital located in the beautiful city of Lake Forest, CA. We are seeking a veterinarian who not only has compassion for animals, but also understands the human-animal bond, and cares about the needs of the pet owners as well. Our hospital provides a supportive environment where our doctors practice high quality modern medicine. Our management team believes that communication is essential, and we have regular team meetings to help keep things organized. We are proud of our 4 RVT's who provide regular support to our doctors in addition to the other team members.",280799.99999999977,85970.78167129004,11.361774401291187,-194829.2183287097,194829.2183287097,69.38362476093657,$200k+,Non-remote / unknown
Entry level,Full-time,Staffing and Recruiting,YEARLY,3.0,NY,20,other,New York,17937,New York__Staffing and Recruiting,NY__Staffing and Recruiting,Entry level__Staffing and Recruiting,Entry level__20,0__Staffing and Recruiting,YEARLY__Full-time,6.0,,2914.0,660946.0,36,1535,214,3.0,0.0,0,9.0,226.73962264150944,29,3,0,0,0,1,1,1,0,0,0,0,0,0,0,0,0,0,0,0,0,0,0,0,0,0,0,0,0,0,0,1,0,0,0,1,0,0,0,0,0,0,0,1,0,0,0,0,0,0,0,0,0,0,0,0,0,0,0,0,0,0,0,0,0,0,0,0,0,0,0,0,0,0,0,0,0,0,0,0,0,0,0,0,1,0,0,0,1,0,0,0,Assistant Designer- Intimates,"They own, license, and manage a diverse portfolio of brands that share a passion for quality, comfort, and trend. This role is a great way to learn the foundations of becoming a Designer, as you will be executing on these essential responsibilities: Research the market for seasonal trends, colors, prints and silhouettes to support the senior team. Responsible for sending out tech packs and sample requests, along with production artwork and color standards. Execute organized and accurate technical development packages that include construction details, sketches, fabrications, trims, print, and color details. Correspond with overseas factories regarding production. Assist designers with the trim and fabric library, color pallets, and flat sketching. Work with the senior team to make sure artwork is sized correctly and for choosing colors. Execute production packages including color and trim specifications and preparing production ready print and graphic artwork. Prep meeting samples and presentation boards. Track and follow up with factories and cross-functional partners on design development and sourcing. Job Requirements & Qualifications: Fashion degree preferred. Internship experience strongly preferred. Proficiency in Illustrator, Photoshop, & Microsoft Excel. Positive attitude and team player. Excellent communication and follow-up skills, ability to manage multiple tasks, strong organizational skills, and attention to detail. Candidate must be passionate about fashion and thrive in a fast-paced environment.",256922.50000000017,62459.29873849899,11.042286413702657,-194463.20126150118,194463.20126150118,75.68943991339842,$200k+,Non-remote / unknown
Mid-Senior level,Full-time,Real Estate,YEARLY,4.0,MD,4,sales,Capitol Heights,287076,Capitol Heights__Real Estate,MD__Real Estate,Mid-Senior level__Real Estate,Mid-Senior level__4,0__Real Estate,YEARLY__Full-time,4.0,,457.0,13069.0,4,5428,814,2.0,0.0,0,13.0,28.534934497816593,25,4,0,0,0,1,1,1,0,0,0,0,0,0,0,0,0,0,0,1,1,0,0,0,0,0,0,0,0,0,0,0,0,0,0,0,0,0,0,0,0,0,0,0,0,1,0,0,0,0,0,0,0,0,0,0,1,0,0,0,0,0,0,0,0,0,0,0,0,0,0,0,0,0,0,0,0,0,0,0,0,0,0,0,0,0,0,0,0,0,0,0,New Home Sales Consultant,"Description Want a challenging, inclusive work culture that emphasizes personal development and recognition? Are you a motivated, goal-oriented professional looking to take an exciting and rewarding step towards greatness in your career? New Home Star may be the place for you! Our company is looking for a New Home Sales Associate with intermediate experience in sales, customer service, and/or real estate to add to our nationwide team. As a New Home Sales Associate, you have the opportunity to participate in the building of the American Dream. New Home Star is the largest privately owned seller of new homes in America. You can join us with a role in cultivating and maintaining strong customer relationships throughout their home-building journey. Your role in this process is crucial, as you will act as a resource to educate customers and set essential expectations for a successful new home build. This role is located in Capitol Heights, Maryland with our builder partner, Maronda Homes. Why New Home Star? At New Home Star, our number one core value is to provide excellent careers for our people! By joining our team, you will see this value emphasized in all aspects of your career. Best-In-Class Training - a support network, proprietary sales enablement platform, on-site mentoring, and resources to ensure a career path to success. Dedicated Marketing - to support your efforts in community engagement, lead generation, and outreach. Award-Winning Culture - with thoughtful recognition and opportunities to participate in local and national team bonding events. Excellent Health & Wellness Benefits- access to our range of benefits and wellness program, generous paid time off, and an exceptional employee assistance program. Volunteer Opportunities - encouraged time and financial resources to give back to your local community in meaningful ways. Pay Structure & Benefits Income Earning Potential of . Paid time off- vacation time, paid sick and safe time(PSST), and paid company holidays. Access to Medical insurance that comes with generous company contributions to premiums (subject to all eligibility requirements). Options for Health Savings Account with a company contribution or Flexible Spending Account; for medical and dependent care expenses. Dental Insurance. Vision Insurance. Life Insurance and Short-Term Disability Insurance. Employee Assistance Program is available to you and members of your household. The EAP provides resources to help with childcare and elder care, financial and legal assistance, counseling and well-being coaching, personal and professional development. 401(k) retirement plan with a company match on your contributions. Paid Parental Leave. Available Discounts for both your daily and splurge expense through PerkSpot. Requirements New Home Star is seeking a motivated, educated, goal-oriented sales professional to join our team. If you fit the requirements below, you are an ideal match for this position! Be able to work onsite during business hours - including weekend days. Passion and skill for interacting with customers in large purchase decisions. Proficient computer knowledge/skills (i.e., MS Office Suite such as Excel, Word, and PowerPoint). A real estate license is not required to start, but it is required to be obtained during training in the state of operation. Reliable transportation is required to facilitate travel throughout your workday. Valid driver's license and current liability insurance are required. 2+ years of experience in a sales/service/professional business role is preferred. Bachelor's degree or higher is preferred. Background checks required. Responsibilities Provide exceptional customer service, and guide customers on the home building/buying journey. Use marketing initiatives to grow brand awareness with the local Realtor community and potential home buyers to generate adequate traffic and sales. Participate in recurring sales training via our proprietary sales enablement platform, as well as in person. Collaborate on an ongoing basis with the local sales team, and present quarterly business plans to our builder partners in order to meet given sales goals. Manage model home during all hours of operation, including most weekends, while maintaining the model home, sales office, and community appearance. Applying Instructions Ready to take the next step in your career? Follow the link below to check out New Home Star’s Careers Page! We love when candidates are open to multiple areas with us! Please note, you only need to apply to one job ad, and list the other areas of interest you currently see posted. When applying there will be an option to list all of your areas of interest. https://www.newhomestar.com/careers Excited to learn more about our award-winning company? Check out our social media profiles! You can find New Home Star on LinkedIn, Facebook, Instagram, and even Youtube. https://www.newhomestar.com/company/about The preceding job description is not a comprehensive list of all duties and responsibilities required of a new home sales associate. New Home Star does not discriminate on the basis of race, sex, color, religion, age, national origin, marital status, disability, veteran status, genetic information, sexual orientation, gender identity, or any other reason prohibited by law in the provision of employment opportunities and benefits. Not open to third-party recruitment agencies.",262500.00000000023,69139.02214929745,11.14388903382988,-193360.97785070277,193360.97785070277,73.66132489550576,$200k+,Non-remote / unknown
Executive,Full-time,Mental Health Care,HOURLY,Unknown,DC,28,other,Washington,15753726,Washington__Mental Health Care,DC__Mental Health Care,Executive__Mental Health Care,Executive__28,0__Mental Health Care,HOURLY__Full-time,2.0,,14.0,14.0,1,573,78,3.0,0.0,0,0.0,0.9333333333333333,35,4,1,0,0,1,1,1,0,0,0,0,1,0,0,0,0,0,0,0,0,0,0,0,0,0,0,0,0,0,1,0,0,0,0,0,0,0,0,0,0,0,0,1,0,0,0,0,0,0,0,0,0,0,0,1,0,0,0,0,0,0,0,0,0,0,0,0,0,0,0,0,0,0,0,0,0,0,0,0,0,0,0,0,0,0,0,0,0,0,0,0,Postdoctoral Resident in Psychology,"Metropolitan Psychological Services, PLLC is a growing, private-pay, LGBTQ+ affirming psychological practice with office locations in Arlington and Tyson’s Corner, VA. Our Arlington location serves individuals 18+ and couples. MPS Tyson’s provides psychotherapy services to children ages 5+, teens, adults, couples, and families. Both locations offer psychological assessment services. MPS PLLC is looking to hire either a Post-Doctoral Resident in Psychology or a Licensed Staff Psychologist. Lipsky via email at: drlipsky@mpspllc.com. We look forward to hearing from you!",277679.99999999994,85301.2471767463,11.353956077526037,-192378.75282325363,192378.75282325363,69.28073783608963,$200k+,Non-remote / unknown
Entry level,Full-time,Staffing and Recruiting,YEARLY,1.0,OR,28,other,Portland,2379156,Portland__Staffing and Recruiting,OR__Staffing and Recruiting,Entry level__Staffing and Recruiting,Entry level__28,0__Staffing and Recruiting,YEARLY__Full-time,5.0,,67.0,220115.0,80,2708,434,2.0,0.0,0,20.0,3236.985294117647,30,3,0,0,0,1,1,1,0,0,0,0,0,0,0,0,0,0,0,0,0,0,0,0,0,0,0,0,0,0,0,0,0,0,0,0,0,0,0,0,0,0,0,0,0,1,1,0,0,0,0,0,0,0,0,0,0,0,0,0,0,0,0,0,0,0,0,0,0,0,0,0,0,0,0,0,0,0,0,0,0,0,0,0,0,0,0,0,0,0,0,0,Journeyman Service Electrician,"Mr. Electric of Portland is looking to hire a new Licensed Journeyman Electrician. As a Service Professional, you are a key member of our team. Our customers look to your expertise to help solve their issues and build confidence that their home or business will be safe. Licensed Journeyman Electrician Benefits signing bonus! - after 6 months, after 12 months, and the remainder will be added to your check after 1 year over a period of 24 months. Write Your Own Paycheck - Competitive Income - We have members making up to a year. Flexible Schedule Uniforms, Tools, and Company Credit Cards Provided Branded Company Vehicle provided w/ Gas Card Professional & personal Training Program to advance your skills and improve your life Health and Dental Insurance Paid Time Off 401k (w/ 401k Matching coming in future) Licensed Journeyman Electrician Duties You will help customers with various electrical needs, from installations to repairs. This could range from installing basic fixtures to replacing a home's electrical panel and wiring. Note: Complex troubleshooting is often involved so experience is a must! You are the face of Mr. Electric and will be interacting with the homeowner to deliver the customer service that Mr. Electric is known for. You ensure the safety of both yourself and the people you serve, leaving their homes safer than when you first walked in. You'll identify and present opportunities and solutions to the customer to ensure the safety of their family and property. The work needs to be done correctly, the first time. You’ll know the job was done right by paying attention to detail, inspecting and properly diagnosing electrical concerns, and delivering high-quality workmanship. You will be responsible for ensuring a high level of customer satisfaction by delivering an amazing customer experience. Earn the trust of the customer by showing confidence as an electrician and providing customized recommendations. To succeed in this role, you must do the job well and promptly. You must meet the needs of our customers so we can run a healthy business that takes care of our team. Licensed Journeyman Electrician Qualifications Valid Electrical license. (We have in-house programs to assist out-of-state employees with Oregon & Washington Electrical licensing) Valid driver’s license and clean driving record Able to pass a background test & drug screening. (Marijuana will not disqualify you.) If you are ready to take the next step in your career as a Service Professional, and want to join a team where you are valued and can excel, APPLY TODAY! Proudly service the Portland Metro (besides Washington County), Clark, Cowlitz, Lincoln, Pierce, Thurston, and King Counties.",249999.9999999998,61057.71081252402,11.01959115261239,-188942.28918747578,188942.28918747578,75.57691567499037,$200k+,Non-remote / unknown
Mid-Senior level,Part-time,Hospitals and Health Care,YEARLY,5.0,NY,9,other,Commack,908113,Commack__Hospitals and Health Care,NY__Hospitals and Health Care,Mid-Senior level__Hospitals and Health Care,Mid-Senior level__9,0__Hospitals and Health Care,YEARLY__Part-time,3.0,,1215.0,21608.0,16,1400,240,1.0,0.0,0,15.0,17.769736842105264,41,7,0,0,0,1,1,1,0,0,0,0,0,0,0,0,0,0,0,0,0,0,0,0,0,0,0,0,0,0,0,0,0,0,0,0,0,0,0,0,0,1,0,0,0,0,0,0,0,0,0,0,0,0,0,0,0,0,0,0,0,0,0,0,0,0,0,0,0,0,0,0,0,0,0,0,0,0,0,0,0,0,0,0,0,0,0,0,0,0,0,0,General Dentist - Part Time 1-2 Days/Week,"Overview Bonnie Helfner, DDS in Commack, NY is seeking a Part Time General Dentist. The postion will have a flexbile schedule of 1-2 days per week plus 1-2 Saturdays per month. This office has a fantastic culture of staff and doctors. A new provider can expect to be productive from day one in an environment where they have full autonomy to practice on their own terms. As much dentistry as you would like to do! An incoming provider can expect to join a veteran team of doctors and staff along with a well established patient base. Busy office with great patient flow! Apply to learn more! The cornerstone of our practice philosophy is that we sincerely believe that dentistry involves more than simply treating your teeth ; it’s about the way we treat you, your anxiety and your overall comfort. From your very first appointment, you will find that you are our highest priority. Additionally, at our Commack practice, we are committed to providing you with the highest standard of personalized dental service, in a warm and caring environment. We will nurture a relationship with you based on trust, mutual respect, and ongoing open communication. We will greet you personally and strive to run on schedule because we know that your time is just as valuable as ours. We will work diligently to earn your confidence regarding the quality of care that you will consistently receive in this office. \",288933.50000000023,100642.77170596737,11.519342548437573,-188290.72829403286,188290.72829403286,65.16749642877434,$200k+,Non-remote / unknown
Entry level,Full-time,Staffing and Recruiting,YEARLY,3.0,IL,22,other,Chicago,17937,Chicago__Staffing and Recruiting,IL__Staffing and Recruiting,Entry level__Staffing and Recruiting,Entry level__22,0__Staffing and Recruiting,YEARLY__Full-time,12.0,3.0,2914.0,660946.0,36,1180,177,3.0,0.0,0,9.0,226.73962264150944,27,3,0,0,1,1,1,1,0,0,0,0,0,0,0,0,0,0,0,0,0,0,0,0,0,0,0,0,0,0,0,1,0,0,0,1,0,0,0,0,0,0,0,1,0,0,0,0,0,0,0,0,0,0,0,0,0,0,0,0,0,0,0,0,0,0,0,0,0,0,0,0,0,0,0,0,0,0,0,0,0,0,0,0,1,0,0,0,1,0,0,0,Graphic Designer (Fulltime),"This role will be 100% remote. Our client is ramping up a new team within their Creative Services team - This person will sit within that group. The ideal candidate will have strong creative skills and a portfolio of work which demonstrates their passion for illustrative design and typography. This candidate will have experiences in working with numerous different design platforms such as digital and print forms. Responsibilities: Must have a background in creative agency, retail (ideally health/beauty products). Will work on print, package relating to display and signage, some wall graphics Staying up to date with industry trends Prepare rough concept presentations to share with the team for feedback Work with copywriters, project managers, the marketing team, the creative director, and stakeholders to produce final designs Qualifications Bachelor's degree in Graphic Design or related field 2-4 years of experience in graphic design Proficient in Adobe Creative Suite Strong communication, conceptual thinking, typography skills and design skills Portfolio of work If you are interested in and qualified for this role, please forward your resume and portfolio today!",264431.5,78649.34298661887,11.272767269400232,-185782.15701338113,185782.15701338113,70.25719591401976,$200k+,Non-remote / unknown
Mid-Senior level,Full-time,Staffing and Recruiting,YEARLY,3.0,CA,15,sales,Manhattan Beach,17937,Manhattan Beach__Staffing and Recruiting,CA__Staffing and Recruiting,Mid-Senior level__Staffing and Recruiting,Mid-Senior level__15,0__Staffing and Recruiting,YEARLY__Full-time,5.0,1.0,2914.0,660946.0,36,961,143,2.0,0.0,0,9.0,226.73962264150944,27,4,0,0,1,1,1,1,0,0,0,0,0,0,0,0,0,0,1,1,0,0,0,0,0,0,0,0,0,0,0,0,1,0,0,0,0,0,0,0,0,0,0,0,0,0,0,0,0,0,0,0,0,0,0,0,1,0,0,0,0,0,0,0,0,0,0,0,0,0,0,0,0,0,0,0,0,0,0,0,0,0,0,0,1,0,0,0,1,0,0,0,Planner/ Data Sales Analyst,"Seeking Assistant Planning/ Sales Analyst to monitor inventory and sales performance by providing analysis and action plants to optimize sales and inventory. Duties include developing seasonal forecasts and future merchandise plans to support Planning team on OTB. If you have solid analytical, excel skills and are looking for an amazing entry level opportunity to grow within planning or merchandising team, this could be the opportunity for you! This is a fulltime, or temp to hire position in Manhattan Beach, CA. Merchandise Planning, Buying or Data Analyst experience Bachelor's Degree or equivalent Strong aptitude of numbers and retail math Proficiency in financial metrics Strong analytical skills and working with large data sets Self motivated and great attention to detail Time management skills Advanced skills in Excel (Pivot Tables, V Look Ups) grad with degree in economics , finance, accounting, statistics, analytics, merch marketing preferred",266217.49999999994,80662.30337705281,11.29803902192861,-185555.1966229471,185555.1966229471,69.7006006828804,$200k+,Non-remote / unknown
Mid-Senior level,Part-time,Hospitals and Health Care,YEARLY,1.0,NY,28,other,New York,10466334,New York__Hospitals and Health Care,NY__Hospitals and Health Care,Mid-Senior level__Hospitals and Health Care,Mid-Senior level__28,0__Hospitals and Health Care,YEARLY__Part-time,3.0,,58.0,3693.0,8,153,24,1.0,2.0,0,3.0,62.59322033898305,15,1,0,0,0,1,1,1,0,0,0,0,0,0,0,0,0,0,0,0,0,0,0,0,0,0,0,0,0,0,0,0,0,0,0,0,0,0,0,0,0,1,0,0,0,0,0,0,0,0,0,0,0,0,0,0,0,0,0,0,0,0,0,1,0,0,0,0,0,0,0,1,0,0,0,0,0,0,0,0,1,0,0,0,0,0,1,0,0,0,1,0,Ophthalmologist,"If you would like to learn more about other opportunities we offer, please call our office: (800) 608-4025 or submit your Resume/CV to hr@glhstaffing.com",275000.0000000002,90335.50657306686,11.411296938691882,-184664.4934269333,184664.4934269333,67.15072488252116,$200k+,Non-remote / unknown
Mid-Senior level,Full-time,Real Estate,YEARLY,4.0,DC,4,sales,Washington,287076,Washington__Real Estate,DC__Real Estate,Mid-Senior level__Real Estate,Mid-Senior level__4,0__Real Estate,YEARLY__Full-time,7.0,,457.0,13069.0,4,5428,814,2.0,0.0,0,13.0,28.534934497816593,25,4,0,0,0,1,1,1,0,0,0,0,0,0,0,0,0,0,0,1,1,0,0,0,0,0,0,0,0,0,0,0,0,0,0,0,0,0,0,0,0,0,0,0,0,1,0,0,0,0,0,0,0,0,0,0,1,0,0,0,0,0,0,0,0,0,0,0,0,0,0,0,0,0,0,0,0,0,0,0,0,0,0,0,0,0,0,0,0,0,0,0,New Home Sales Consultant,"Description Want a challenging, inclusive work culture that emphasizes personal development and recognition? Are you a motivated, goal-oriented professional looking to take an exciting and rewarding step towards greatness in your career? New Home Star may be the place for you! Our company is looking for a New Home Sales Associate with intermediate experience in sales, customer service, and/or real estate to add to our nationwide team. As a New Home Sales Associate, you have the opportunity to participate in the building of the American Dream. New Home Star is the largest privately owned seller of new homes in America. You can join us with a role in cultivating and maintaining strong customer relationships throughout their home-building journey. Your role in this process is crucial, as you will act as a resource to educate customers and set essential expectations for a successful new home build. This role is located in Capitol Heights, Maryland with our builder partner, Maronda Homes. Why New Home Star? At New Home Star, our number one core value is to provide excellent careers for our people! By joining our team, you will see this value emphasized in all aspects of your career. Best-In-Class Training - a support network, proprietary sales enablement platform, on-site mentoring, and resources to ensure a career path to success. Dedicated Marketing - to support your efforts in community engagement, lead generation, and outreach. Award-Winning Culture - with thoughtful recognition and opportunities to participate in local and national team bonding events. Excellent Health & Wellness Benefits- access to our range of benefits and wellness program, generous paid time off, and an exceptional employee assistance program. Volunteer Opportunities - encouraged time and financial resources to give back to your local community in meaningful ways. Pay Structure & Benefits Income Earning Potential of . Paid time off- vacation time, paid sick and safe time(PSST), and paid company holidays. Access to Medical insurance that comes with generous company contributions to premiums (subject to all eligibility requirements). Options for Health Savings Account with a company contribution or Flexible Spending Account; for medical and dependent care expenses. Dental Insurance. Vision Insurance. Life Insurance and Short-Term Disability Insurance. Employee Assistance Program is available to you and members of your household. The EAP provides resources to help with childcare and elder care, financial and legal assistance, counseling and well-being coaching, personal and professional development. 401(k) retirement plan with a company match on your contributions. Paid Parental Leave. Available Discounts for both your daily and splurge expense through PerkSpot. Requirements New Home Star is seeking a motivated, educated, goal-oriented sales professional to join our team. If you fit the requirements below, you are an ideal match for this position! Be able to work onsite during business hours - including weekend days. Passion and skill for interacting with customers in large purchase decisions. Proficient computer knowledge/skills (i.e., MS Office Suite such as Excel, Word, and PowerPoint). A real estate license is not required to start, but it is required to be obtained during training in the state of operation. Reliable transportation is required to facilitate travel throughout your workday. Valid driver's license and current liability insurance are required. 2+ years of experience in a sales/service/professional business role is preferred. Bachelor's degree or higher is preferred. Background checks required. Responsibilities Provide exceptional customer service, and guide customers on the home building/buying journey. Use marketing initiatives to grow brand awareness with the local Realtor community and potential home buyers to generate adequate traffic and sales. Participate in recurring sales training via our proprietary sales enablement platform, as well as in person. Collaborate on an ongoing basis with the local sales team, and present quarterly business plans to our builder partners in order to meet given sales goals. Manage model home during all hours of operation, including most weekends, while maintaining the model home, sales office, and community appearance. Applying Instructions Ready to take the next step in your career? Follow the link below to check out New Home Star’s Careers Page! We love when candidates are open to multiple areas with us! Please note, you only need to apply to one job ad, and list the other areas of interest you currently see posted. When applying there will be an option to list all of your areas of interest. https://www.newhomestar.com/careers Excited to learn more about our award-winning company? Check out our social media profiles! You can find New Home Star on LinkedIn, Facebook, Instagram, and even Youtube. https://www.newhomestar.com/company/about The preceding job description is not a comprehensive list of all duties and responsibilities required of a new home sales associate. New Home Star does not discriminate on the basis of race, sex, color, religion, age, national origin, marital status, disability, veteran status, genetic information, sexual orientation, gender identity, or any other reason prohibited by law in the provision of employment opportunities and benefits. Not open to third-party recruitment agencies.",262500.00000000023,81678.68298547324,11.310560571654145,-180821.31701452698,180821.31701452698,68.88431124362927,$200k+,Non-remote / unknown
Mid-Senior level,Full-time,Unknown,HOURLY,Unknown,VA,22,healthcare,Arlington,-1,Arlington__Unknown,VA__Unknown,Mid-Senior level__Unknown,Mid-Senior level__22,0__Unknown,HOURLY__Full-time,7.0,,,,0,538,71,1.0,0.0,0,0.0,0.0,30,3,1,0,0,1,0,0,0,0,0,0,0,0,0,0,0,0,0,0,0,0,0,0,0,0,0,0,0,0,0,0,0,0,0,0,0,0,0,0,0,1,0,0,0,0,0,0,0,0,0,0,0,0,0,0,0,0,0,0,0,0,0,0,0,0,0,0,0,0,0,0,0,0,0,0,0,0,0,0,0,0,0,0,0,0,0,0,0,0,0,0,Licensed Clinical Psychologist,"Metropolitan Psychological Services, PLLC is a growing, private-pay psychological practice with office locations in Arlington and Tyson’s Corner, VA. Our Arlington location serves individuals 18+, and couples. MPS Tyson’s provides psychotherapy services to children ages 5+, teens,adults, couples, and families. Both locations provide psychological assessments. We are a LGBTQ+ affirming practice. MPS PLLC is looking to hire either a Post-Doctoral Resident in Psychology or a Licensed Staff Psychologist. Lipsky at: drlipsky@mpspllc.com.",277679.99999999994,97571.51174158022,11.488351090740624,-180108.48825841973,180108.48825841973,64.86188715731049,$200k+,Non-remote / unknown
Mid-Senior level,Full-time,Software Development,YEARLY,3.0,NY,25,sales,United States,915922,United States__Software Development,NY__Software Development,Mid-Senior level__Software Development,Mid-Senior level__25,1__Software Development,YEARLY__Full-time,6.0,1.0,297.0,22108.0,1,3221,445,2.0,1.0,0,6.0,74.18791946308725,28,3,0,1,1,1,1,1,0,0,0,0,0,0,0,0,0,0,0,1,0,0,0,0,0,0,0,0,0,0,0,0,1,0,0,0,0,0,0,0,0,0,0,0,0,0,0,0,0,0,0,0,0,0,0,0,1,0,0,0,0,0,1,0,0,0,0,0,0,0,0,0,0,0,0,0,0,0,0,0,0,0,0,0,0,0,0,0,0,0,0,0,Enterprise Account Executive,"Catchpoint is a digital experience observability company that helps businesses deliver exceptional customer and workforce experiences across the Internet stack. We are looking for a Enterprise Account Executive to join our sales team and focus on large global strategic accounts that are a combination of existing customers with expansion potential as well as brand new customers. What will success look like in this position? The Enterprise Account Executive will be instrumental in new customer acquisition and revenue growth objectives for our SaaS products. You will be prospecting into and engaging with prospective customers, to best identify their business problems and drive value with Catchpoint solutions. Success at Catchpoint comes from someone who is naturally entrepreneurial, effective, and thrives in a culture of collaboration. Responsibilities Develop and execute account strategies to grow revenue and market share in your assigned territoryBuild and maintain strong relationships with key decision makers and influencers at all levels of the organizationIdentify and qualify new business opportunities and drive the entire sales cycle from prospect to closeDemonstrate the value proposition of Catchpoint’s platform and solutions to address the customer’s pain points and business objectivesNegote contracts and terms with customersCollaborate with internal teams such as marketing, product, engineering, customer success, and support to ensure customer satisfaction and retention. Required Skills & Qualifications At least 5 years of experience in enterprise software sales, preferably in the Internet performance monitoring, cloud, or SaaS space.A proven track record of exceeding quota and closing large deals with complex sales cycles.A consultative and solution-oriented sales approach with excellent communication and presentation skills.A strong technical aptitude and ability to understand and articulate the benefits of Catchpoint’s platform and solutions.A self-motivated and entrepreneurial mindset with a passion for solving customer problems and delivering value.A willingness to travel as needed to meet with customers and prospects. US Range - Total On Target Earnings Overview Catchpoint is the Internet Resilience Company™. The top online retailers, Global2000, CDNs, cloud service providers, and xSPs in the world rely on Catchpoint to increase their resilience by catching any issues in the Internet stack before they impact their business. The Catchpoint platform offers synthetics, RUM, performance optimization, high fidelity data and flexible visualizations with advanced analytics. It leverages thousands of global vantage points (including inside wireless networks, BGP, backbone, last mile, endpoint, enterprise, ISPs and more) to provide unparalleled observability into anything that impacts your customers, workforce, networks, website performance, applications and APIs. Catchpoint is an equal opportunity employer that strongly prohibits Discrimination and Harassment of any kind. We celebrate diversity and are committed to creating an inclusive and engaging environment for all employees. We welcome applications from all candidates and look forward to receiving yours!",299999.99999999977,121307.36425445165,11.706091047661621,-178692.63574554812,178692.63574554812,59.56421191518275,$200k+,Remote
Mid-Senior level,Full-time,Accounting,YEARLY,1.0,NY,18,finance,New York,52199182,New York__Accounting,NY__Accounting,Mid-Senior level__Accounting,Mid-Senior level__18,0__Accounting,YEARLY__Full-time,3.0,,94.0,63961.0,15,1997,246,2.0,4.0,0,0.0,673.2736842105263,10,1,0,0,0,1,1,1,0,0,0,0,0,0,0,0,0,0,0,0,0,0,0,1,0,0,0,1,0,0,0,0,0,0,0,0,0,0,0,1,0,0,0,0,0,0,0,0,0,0,0,0,0,0,0,0,0,0,0,0,0,0,1,0,1,0,1,0,0,0,0,1,0,0,0,0,0,0,0,0,0,0,0,0,0,0,0,0,0,0,0,0,Accountant,"AccountantNYC area, NY – OnsiteJob Type: Full-time JOB SUMMARY: We're on the lookout for an experienced and dynamic individual to join our accounting firm, someone who can deliver exceptional client consulting and accounting services. As a key member of our team, you'll take charge of leading and expanding our client accounting services practice, guaranteeing top-notch client service, and spearheading business development efforts. RESPONSIBILITIES:Lead and manage the client accounting services team, providing guidance, training, and support to ensure high-performance standards.Oversee the delivery of accurate and timely accounting services to clients, including bookkeeping, payroll, and financial statement preparation.Develop and implement best practices, processes, and workflows to optimize the efficiency and effectiveness of client accounting services.Collaborate with clients to understand their unique accounting needs and provide strategic financial guidance.Drive business development efforts, including identifying new client opportunities, preparing proposals, and fostering client relationships.Stay informed about industry trends, accounting standards, and regulatory changes to ensure compliance and high-quality service delivery.Work closely with firm leadership to align client accounting services with overall business objectives. QUALIFICATIONS:Bachelor's degree in Accounting or related field; CPA certification preferred.Proven experience in a leadership role within client accounting services or a similar function.Strong understanding of accounting principles, financial reporting, and tax compliance.Excellent communication and interpersonal skills, with the ability to build and maintain client relationships.Demonstrated ability to lead and motivate a team to achieve goals and deliver exceptional client service.Business development experience, including a track record of successfully acquiring new clients.Knowledge of accounting software and technology tools.",275000.0000000002,97454.48195886957,11.487150957420921,-177545.51804113062,177545.51804113062,64.56200656041109,$200k+,Non-remote / unknown
Mid-Senior level,Full-time,Business Consulting and Services,HOURLY,4.0,TX,4,finance,Dallas,99430348,Dallas__Business Consulting and Services,TX__Business Consulting and Services,Mid-Senior level__Business Consulting and Services,Mid-Senior level__4,0__Business Consulting and Services,HOURLY__Full-time,4.0,,15.0,33337.0,28,1340,218,2.0,0.0,0,0.0,2083.5625,21,2,1,0,0,1,1,1,0,0,0,0,0,0,0,0,0,0,0,0,1,0,0,1,0,0,0,1,0,0,0,0,0,0,0,0,0,0,0,1,0,0,0,0,0,0,0,0,0,0,0,0,0,0,0,0,0,0,0,0,0,0,0,0,0,0,0,0,0,0,0,0,0,0,0,0,0,0,0,0,0,0,0,0,0,0,0,0,0,0,0,0,Accounting Consultant,"Want to learn more about this role and Jobot Consulting? Click our Jobot Consulting logo and follow our LinkedIn page! Job details Confidential Pre-IPO Auditing experience desired! This Jobot Consulting Job is hosted by Davis Greinke Are you a fit? Easy Apply now by clicking the ""Easy Apply"" button and sending us your resume. Our core values are centered around our people and our clients. We believe that putting your employees first is not only the right thing to do, but it also gives us the competitive edge to ensure our clients have an excellent experience! Why join us? Do you want to work with some of the nation’s best Clients AND enjoy time at home w/ family? We do too! Meaningful Work! Best in Class Firm! Complete Benefits Package! Flexible Work Schedules! Accelerated Career Growth! Fun Company Activities! Many More! Job Details Is your background a fit? Apply if you meet this criterion BS/MS in Accounting or similar plus Expertise in Audits and SEC Filings Strong Technical Accounting Skills IPO Preparation Experience financial reporting, disclosure requirements, and coordination with external auditors and legal teams. Interested in hearing more? Easy Apply now by clicking the ""Easy Apply"" button. Want to learn more about this role and Jobot Consulting? Click our Jobot Consulting logo and follow our LinkedIn page!",259999.9999999998,82606.7719747948,11.32185904678726,-177393.228025205,177393.228025205,68.2281646250789,$200k+,Non-remote / unknown
Mid-Senior level,Full-time,Wellness and Fitness Services,YEARLY,3.0,CA,22,healthcare,Victorville,8948083,Victorville__Wellness and Fitness Services,CA__Wellness and Fitness Services,Mid-Senior level__Wellness and Fitness Services,Mid-Senior level__22,0__Wellness and Fitness Services,YEARLY__Full-time,8.0,,440.0,2484.0,12,2601,345,1.0,1.0,0,0.0,5.63265306122449,63,8,0,0,0,1,1,1,0,0,0,0,0,0,1,0,0,0,0,0,0,0,0,0,0,0,0,0,0,0,0,0,0,0,0,0,0,0,0,0,0,1,0,0,0,0,0,0,0,0,0,0,0,0,0,0,0,0,0,0,0,0,1,0,0,0,0,0,0,0,0,0,0,0,0,0,0,0,0,0,0,0,0,0,0,0,0,0,0,0,0,0,Outpatient Primary Care Physician (Family or Internal Medicine),"Overview Desert Valley Hospital is an accredited 148-bed acute care hospital located in Southern California. Desert Valley Hospital is in the top 5% of more than 4,500 hospitals nationwide for clinical performance. The hospital has achieved numerous quality award distinctions including Patient Safety Excellence Award, Women’s Health Excellence Award and Distinguished Hospital Clinical Excellence Award. Desert Valley Hospital, along with Desert Valley Medical Group, offers key services to the community including heart care, emergency services, labor and delivery, surgical services and more. For more information visit www.DesertValleyHospital.com . Join an award-winning team of dedicated professionals committed to our core values of quality, compassion and community ! Why Prime Healthcare? Desert Valley Hospital, a member of the Prime Healthcare Foundation, offers incredible opportunities to expand your horizons and be part of a community dedicated to making a difference. Our Total Rewards package includes, but is not limited to: Paid Time Off401K retirement planOutstanding MedicalDentalVision CoverageTuition ReimbursementMany more Voluntary Benefit Options! Benefits may vary based on collective bargaining agreement requirements and/or the employment status, i.e. full-time or part-time. This is a Fast-paced work environment in which you can take pride in serving an underserved community. Come Join a Team of Dedicated Healthcare Workers!!! We are an Equal Opportunity Employer and do not discriminate against applicants due to veteran status, disability, race, gender, gender identity, sexual orientation, or other protected characteristics. If you need special accommodation for the application process, please contact Human Resources. Know Your Rights: https://www.eeoc.gov/sites/default/files/2022-10/EEOC_KnowYourRights_screen_reader_10_20.pdf Responsibilities Will be employed under the hospital owned medical group (Desert Valley Medical Group, a multi-specialty group)Currently, there are 21+ Primary Care Providers in the group.Primary Care (BC or BE - Internal Medicine and Family Medicine)Academic Opportunity - will support in-house Internal Medicine Residency Program.Potential Medical Directorship.Will support clinic in Hesperia, CA.Spanish or Korean speaking preferred. Our Total Rewards package includes, but is not limited to, paid time off, a 401K retirement plan, medical, dental, and vision coverage, tuition reimbursement, and many more voluntary benefit options. Benefits may vary based on employment status, i.e. full-time, part-time, per diem or temporary.",249999.9999999998,75413.1764435865,11.230750552816351,-174586.8235564133,174586.8235564133,69.83472942256537,$200k+,Non-remote / unknown
Mid-Senior level,Full-time,Law Practice,YEARLY,5.0,IL,28,other,Chicago,80758317,Chicago__Law Practice,IL__Law Practice,Mid-Senior level__Law Practice,Mid-Senior level__28,0__Law Practice,YEARLY__Full-time,3.0,,836.0,5197.0,1,2747,385,1.0,0.0,0,13.0,6.209080047789725,52,7,0,0,0,1,1,1,0,0,0,0,0,0,0,1,0,0,0,0,0,0,0,0,0,0,0,0,0,0,0,0,0,0,0,0,0,0,0,0,0,0,0,0,1,0,0,0,0,0,0,0,0,0,0,0,0,0,0,0,0,0,0,0,0,0,0,0,0,0,0,0,0,0,0,0,0,0,0,0,0,0,0,0,0,0,0,0,0,0,0,0,"Midlevel Private Clients, Trusts & Estates Associate","At ArentFox Schiff, we know that diverse backgrounds produce different perspectives, richer thinking, and more creative solutions to the challenges our clients face. We hope you share that vision. Join us and take on the challenge of doing meaningful work while helping us build a culture that reflects our dedication to diversity, equity, and inclusion. The Chicago office of ArentFox Schiff is seeking an Associate to join its 3rd – 6th year class for its Private Clients, Trusts & Estates group. The ideal candidate will have estate planning experience, including drafting, implementing, and administering sophisticated lifetime and testamentary planning strategies and handling estate and trust administration. Responsibilities will include advising high net worth individuals, families, and family offices, drafting wills, revocable and irrevocable trust, and ancillary documents. Further responsibilities will include research and projection of tax implications of planning techniques, preparation of client educational and summary materials, and meeting and communicating directly with clients to advance their goals. The desire to work in a sophisticated environment and the ability to manage multiple projects is paramount. The candidate will be expected to support partners across our platform. Candidates should be licensed and in good standing in IL. Must have the ability to work in an organized, efficient manner under minimal supervision, deal directly with clients in an effective manner, and take a proactive approach to being team oriented. Please submit resume and law school transcripts. ArentFox Schiff LLP is internationally recognized in core industries where business and the law intersect. With more than 600 lawyers and policy professionals, the firm serves as a destination for an international roster of corporations, governments, private individuals, and trade associations. ArentFox Schiff is committed to equal employment opportunity and diversity in the workplace. We maintain a policy of considering all qualified applicants for employment without regard to race, color, religion or creed, sex, gender, sexual orientation, gender identity or expression, age, citizenship status, order of protection status, national origin, ancestry, medical condition, genetic information, marital status, physical or mental disability, parental status, source of income, military or veteran status, unfavorable discharge from military service, or any other basis protected by federal, state or local law. We will consider qualified applicants with criminal histories in a manner consistent with the San Francisco Fair Chance Ordinance. Equal Opportunity Employer, Minority/Female/Disabled/Vets/Sexual Orientation/Gender Identity.",289999.9999999999,116357.24311194483,11.664429013766592,-173642.75688805507,173642.75688805507,59.87681272001901,$200k+,Non-remote / unknown
Mid-Senior level,Full-time,Real Estate,YEARLY,7.0,IL,20,management,Markham,4060,Markham__Real Estate,IL__Real Estate,Mid-Senior level__Real Estate,Mid-Senior level__20,0__Real Estate,YEARLY__Full-time,9.0,2.0,41515.0,1287113.0,30,6983,1009,2.0,3.0,0,11.0,31.002818190577127,29,3,0,0,1,1,1,1,0,0,0,0,0,1,0,0,0,0,1,0,0,0,0,0,0,0,0,0,0,0,0,0,0,0,0,0,0,0,0,0,0,0,0,0,0,1,1,0,0,0,0,0,0,0,0,0,0,0,0,0,0,0,1,1,0,1,0,0,0,0,0,0,0,0,0,0,0,0,0,0,0,0,0,0,0,0,0,0,0,0,0,0,Assistant Maintenance Manager,"Job Title Assistant Maintenance Manager Job Description Summary Job Description We believe that ‘life is what we make it’. That’s why we make an impact with everything we do, all around the world. Are you looking for make an impact? If so, come join our team at Cushman and Wakefield Services working on our largest account to keep one of the world’s biggest distribution game changers up and running! Our Assistant Maintenance Managers strive to make the lives of our employees better daily, by constantly looking for ways to improve our processes. Throughout the day, an Assistant Maintenance Manager must balance multiple priorities, adapt to changing circumstances, and communicate effectively with team members, clients, supervisors, and external partners to ensure the efficient operation of the facility and the delivery of high-quality maintenance services. And this, is just the beginning! Our successful Assistant Maintenance Managers can move into Maintenance Manager, Senior Maintenance Manager, Regional Maintenance Manager, Reliability Program Manager, Building Wellness Manager, and other Operational roles. Come and join us as an Assistant Maintenance Manager where you are the bridge between our technicians and our client; the sky is the limit! Responsibilities A typical day for an Assistant Maintenance Manager in a facility managed by Cushman & Wakefield Services can vary depending on the specific responsibilities and priorities of the role, as well as the needs of the facility. However, here's an overview of a “typical” day: Morning Briefing: Start the day with a team meeting or briefing to discuss priorities, safety updates, and any ongoing maintenance issues from the previous day or night shift.Work Orders Management: Review and prioritize work orders for preventive maintenance, corrective maintenance, and repairs. Assign tasks to maintenance technicians based on skill level and availability.Facility Walkthrough: Conduct regular inspections of the facility to identify maintenance issues, equipment malfunctions, safety hazards, and cleanliness standards. Address any immediate concerns or issues encountered during the walkthrough.Safety Compliance: Ensure compliance with safety protocols, procedures, and regulations established by Cushman & Wakefield, and relevant authorities.Data Analysis and Reporting: Analyze maintenance data, performance metrics, and equipment reliability trends to identify opportunities for process improvement, cost reduction, and efficiency gains. Generate reports and communicate findings to management and stakeholders.Team Supervision and Development: Provide leadership, guidance, and support to maintenance technicians. Conduct performance evaluations, training sessions, and coaching sessions to develop the skills and capabilities of the maintenance team. Qualifications To be successful as an Assistant Maintenance Manager in a facility managed by Cushman & Wakefield Services, the following skills and qualifications are typically required: Candidates who do not have 3 years or more of leadership experience should not apply. Leadership is defined as having managed KPIs for technicians as well as experience holding others accountable for achieve set goals and KPIs. Previous experience in maintenance management or a similar leadership role is essential. This includes demonstrated proficiency in overseeing preventive maintenance programs, managing corrective maintenance activities, and leading a team of maintenance technicians effectively. Effective leadership skills are essential for motivating, coaching, and supervising a team of maintenance technicians. Candidates should demonstrate the ability to delegate tasks, provide constructive feedback, and foster a collaborative work environment.You must possess a strong commitment to safety. Candidates should have a thorough understanding of safety protocols, regulations, and best practices related to maintenance operations. Experience in conducting safety training, audits, and inspections is highly desirable.Candidates MUST have a 4-year degree WITH 3 years of leadership experience OR in place of a 4-year degree MUST have minimum of 5 years of leadership experience. A degree or certification in a relevant field such as mechanical engineering, electrical engineering, facilities management, or a related discipline is typically required. Additional certifications in maintenance management, safety management, or related areas may be beneficial. Overall, successful candidates for the role of Assistant Maintenance Manager should possess a combination of technical expertise, leadership abilities, safety consciousness, and effective communication skills to ensure the efficient operation of the facility and the delivery of superior maintenance services. Schedule: 400pm-4:30am OR 4:00am-0430pm - All AMMs will work 4x12s. Shifts available include Front Half is Sun-Wed and Back Half is Wed-Sat. AMMs should be open to any of the shifts and ideally be flexible to adjust to the needs of the business. Why Cushman and Wakefield Services? We are so proud of our global Cushman & Wakefield family, working hard to make our firm as inclusive as possible. It is why the Human Right Foundation named us as a Best Place To Work for LGBTQI+, and people of many different backgrounds and geographies all feel that we belong at Cushman & Wakefield. 1 yr service period required.Emergency Back-up Care (Care@Work) – 10 days per yr Time Off 13 Holidays (11 days + 2 Personal Days)Paid Time Off & Sick Time – prorated up to 16 PTO days plus 5 sick days or more if required by local law Retirement (Fidelity) 401(k) Match: 100% of the first 3%, then 50% of the next 2% of eligible earnings with immediate vesting. Supplemental Medical Benefits (MetLife) Critical Illness InsuranceAccidental InsuranceHospital Indemnity Insurance Pre-Tax Benefits (WEX Health) Commuter BenefitsHealth Savings AccountFSA Health Care / Dependent Care Home & Family Protection Auto & Home InsuranceLegal BenefitsIdentity Theft ProtectionPet Insurance Apply now and be part of a company who is acting now to positively impact the planet and our people in the most practical ways possible. Our hands-on, immediate, and dedicated approach to ESG means our entire organization is committed to Living Change Now. C&W Services is an Equal Opportunity / Affirmative Action employer. All qualified applicants will receive consideration for employment without regard to race, color, religion, sex, national origin, disability, sexual orientation, gender identity, protected veteran status or any other characteristic protected by law. In compliance with the Americans with Disabilities Act Amendments Act (ADAAA), if you have a disability and would like to request an accommodation in order to apply for a position at Cushman & Wakefield, please call the ADA line at 1-888-365-5406 or email HRServices@cushwake.com. Please refer to the job title and job location when you contact us.",255000.0000000001,81434.40443067555,11.30756540129576,-173565.59556932453,173565.59556932453,68.06493943895077,$200k+,Non-remote / unknown
